bookmaker_name,datagolf_name
Nacho Elvira,"Elvira Mijares, Ignacio"
Seung-Yul Noh,"Noh, S.Y."
Ivan Cantero,"Cantero Gutierrez, Ivan"
M.J. Daffue,"Daffue, MJ"
Drew Boyle,"Doyle, Drew"
Seonghyeon Kim,"Kim, S.H."
Angel Hidalgo,"Hidalgo Portillo, Angel"
Young-han Song,"Song, Younghan"
Sung-Jae Im,"Im, Sungjae"
Nicolas Echavarria,"Echavarria, Nico"
Sebastian Cave,"Cave, Seb"
O.J. Farrell,"Farrell, OJ"
Young-Han Song,"Song, Younghan"
Maximilian Rottluff,"Rottluff, Max"
Sebastian Garcia,"Garcia Rodriguez, Sebastian"
Tadeas Tetak,"Tetak, Tadeáš"
Maximilian Kieffer,"Kieffer, Max"
Inhoi Hur,"Hur, In-hoi"
Pablo Ereno,"Ereno Perez, Pablo"
MK Kim,"Kim, Minkyu"
Gonzalo Fernandez-Castano,"Fdez-Castano, Gonzalo"
Jonathan Broomhead,"Broomhead, Jonothan"
M.J. Maguire,"Maguire, MJ"
Alvaro Morales,"Morales, Alvaro Jaime"
Yuvraj Sandhu,"Sandhu, Yuvraj Singh"
Amardeep Malik,"Malik, Amardip"
Tapendra Ghai,"Ghai, Tapy"
Andrew Zielinski,"Zielinski, Drew"
Will Haddrell,"Haddrell, William"
Richard Hoey,"Hoey, Rico"
Samuel Stevens,"Stevens, Sam"
Matthew NeSmith,"NeSmith, Matt"
Davis Love,"Love III, Davis"
